--
-- PostgreSQL database dump
--

-- Dumped from database version 14.13 (Ubuntu 14.13-0ubuntu0.22.04.1)
-- Dumped by pg_dump version 14.13 (Ubuntu 14.13-0ubuntu0.22.04.1)

SET statement_timeout = 0;
SET lock_timeout = 0;
SET idle_in_transaction_session_timeout = 0;
SET client_encoding = 'UTF8';
SET standard_conforming_strings = on;
SELECT pg_catalog.set_config('search_path', '', false);
SET check_function_bodies = false;
SET xmloption = content;
SET client_min_messages = warning;
SET row_security = off;

SET default_tablespace = '';

SET default_table_access_method = heap;

--
-- Name: auth_group; Type: TABLE; Schema: public; Owner: djangifybe_user
--

CREATE TABLE public.auth_group (
    id integer NOT NULL,
    name character varying(150) NOT NULL
);


ALTER TABLE public.auth_group OWNER TO djangifybe_user;

--
-- Name: auth_group_id_seq; Type: SEQUENCE; Schema: public; Owner: djangifybe_user
--

ALTER TABLE public.auth_group ALTER COLUMN id ADD GENERATED BY DEFAULT AS IDENTITY (
    SEQUENCE NAME public.auth_group_id_seq
    START WITH 1
    INCREMENT BY 1
    NO MINVALUE
    NO MAXVALUE
    CACHE 1
);


--
-- Name: auth_group_permissions; Type: TABLE; Schema: public; Owner: djangifybe_user
--

CREATE TABLE public.auth_group_permissions (
    id bigint NOT NULL,
    group_id integer NOT NULL,
    permission_id integer NOT NULL
);


ALTER TABLE public.auth_group_permissions OWNER TO djangifybe_user;

--
-- Name: auth_group_permissions_id_seq; Type: SEQUENCE; Schema: public; Owner: djangifybe_user
--

ALTER TABLE public.auth_group_permissions ALTER COLUMN id ADD GENERATED BY DEFAULT AS IDENTITY (
    SEQUENCE NAME public.auth_group_permissions_id_seq
    START WITH 1
    INCREMENT BY 1
    NO MINVALUE
    NO MAXVALUE
    CACHE 1
);


--
-- Name: auth_permission; Type: TABLE; Schema: public; Owner: djangifybe_user
--

CREATE TABLE public.auth_permission (
    id integer NOT NULL,
    name character varying(255) NOT NULL,
    content_type_id integer NOT NULL,
    codename character varying(100) NOT NULL
);


ALTER TABLE public.auth_permission OWNER TO djangifybe_user;

--
-- Name: auth_permission_id_seq; Type: SEQUENCE; Schema: public; Owner: djangifybe_user
--

ALTER TABLE public.auth_permission ALTER COLUMN id ADD GENERATED BY DEFAULT AS IDENTITY (
    SEQUENCE NAME public.auth_permission_id_seq
    START WITH 1
    INCREMENT BY 1
    NO MINVALUE
    NO MAXVALUE
    CACHE 1
);


--
-- Name: auth_user; Type: TABLE; Schema: public; Owner: djangifybe_user
--

CREATE TABLE public.auth_user (
    id integer NOT NULL,
    password character varying(128) NOT NULL,
    last_login timestamp with time zone,
    is_superuser boolean NOT NULL,
    username character varying(150) NOT NULL,
    first_name character varying(150) NOT NULL,
    last_name character varying(150) NOT NULL,
    email character varying(254) NOT NULL,
    is_staff boolean NOT NULL,
    is_active boolean NOT NULL,
    date_joined timestamp with time zone NOT NULL
);


ALTER TABLE public.auth_user OWNER TO djangifybe_user;

--
-- Name: auth_user_groups; Type: TABLE; Schema: public; Owner: djangifybe_user
--

CREATE TABLE public.auth_user_groups (
    id bigint NOT NULL,
    user_id integer NOT NULL,
    group_id integer NOT NULL
);


ALTER TABLE public.auth_user_groups OWNER TO djangifybe_user;

--
-- Name: auth_user_groups_id_seq; Type: SEQUENCE; Schema: public; Owner: djangifybe_user
--

ALTER TABLE public.auth_user_groups ALTER COLUMN id ADD GENERATED BY DEFAULT AS IDENTITY (
    SEQUENCE NAME public.auth_user_groups_id_seq
    START WITH 1
    INCREMENT BY 1
    NO MINVALUE
    NO MAXVALUE
    CACHE 1
);


--
-- Name: auth_user_id_seq; Type: SEQUENCE; Schema: public; Owner: djangifybe_user
--

ALTER TABLE public.auth_user ALTER COLUMN id ADD GENERATED BY DEFAULT AS IDENTITY (
    SEQUENCE NAME public.auth_user_id_seq
    START WITH 1
    INCREMENT BY 1
    NO MINVALUE
    NO MAXVALUE
    CACHE 1
);


--
-- Name: auth_user_user_permissions; Type: TABLE; Schema: public; Owner: djangifybe_user
--

CREATE TABLE public.auth_user_user_permissions (
    id bigint NOT NULL,
    user_id integer NOT NULL,
    permission_id integer NOT NULL
);


ALTER TABLE public.auth_user_user_permissions OWNER TO djangifybe_user;

--
-- Name: auth_user_user_permissions_id_seq; Type: SEQUENCE; Schema: public; Owner: djangifybe_user
--

ALTER TABLE public.auth_user_user_permissions ALTER COLUMN id ADD GENERATED BY DEFAULT AS IDENTITY (
    SEQUENCE NAME public.auth_user_user_permissions_id_seq
    START WITH 1
    INCREMENT BY 1
    NO MINVALUE
    NO MAXVALUE
    CACHE 1
);


--
-- Name: blog_category; Type: TABLE; Schema: public; Owner: djangifybe_user
--

CREATE TABLE public.blog_category (
    id bigint NOT NULL,
    created_at timestamp with time zone NOT NULL,
    updated_at timestamp with time zone NOT NULL,
    title character varying(200) NOT NULL,
    slug character varying(100) NOT NULL,
    description text NOT NULL
);


ALTER TABLE public.blog_category OWNER TO djangifybe_user;

--
-- Name: blog_category_id_seq; Type: SEQUENCE; Schema: public; Owner: djangifybe_user
--

ALTER TABLE public.blog_category ALTER COLUMN id ADD GENERATED BY DEFAULT AS IDENTITY (
    SEQUENCE NAME public.blog_category_id_seq
    START WITH 1
    INCREMENT BY 1
    NO MINVALUE
    NO MAXVALUE
    CACHE 1
);


--
-- Name: blog_post; Type: TABLE; Schema: public; Owner: djangifybe_user
--

CREATE TABLE public.blog_post (
    id bigint NOT NULL,
    created_at timestamp with time zone NOT NULL,
    updated_at timestamp with time zone NOT NULL,
    meta_title character varying(60) NOT NULL,
    meta_description character varying(160) NOT NULL,
    meta_keywords character varying(255) NOT NULL,
    title character varying(200) NOT NULL,
    slug character varying(100) NOT NULL,
    content text NOT NULL,
    excerpt text NOT NULL,
    featured_image character varying(100),
    status character varying(10) NOT NULL,
    published_date timestamp with time zone,
    is_featured boolean NOT NULL,
    category_id bigint NOT NULL
);


ALTER TABLE public.blog_post OWNER TO djangifybe_user;

--
-- Name: blog_post_id_seq; Type: SEQUENCE; Schema: public; Owner: djangifybe_user
--

ALTER TABLE public.blog_post ALTER COLUMN id ADD GENERATED BY DEFAULT AS IDENTITY (
    SEQUENCE NAME public.blog_post_id_seq
    START WITH 1
    INCREMENT BY 1
    NO MINVALUE
    NO MAXVALUE
    CACHE 1
);


--
-- Name: blog_post_tags; Type: TABLE; Schema: public; Owner: djangifybe_user
--

CREATE TABLE public.blog_post_tags (
    id bigint NOT NULL,
    post_id bigint NOT NULL,
    tag_id bigint NOT NULL
);


ALTER TABLE public.blog_post_tags OWNER TO djangifybe_user;

--
-- Name: blog_post_tags_id_seq; Type: SEQUENCE; Schema: public; Owner: djangifybe_user
--

ALTER TABLE public.blog_post_tags ALTER COLUMN id ADD GENERATED BY DEFAULT AS IDENTITY (
    SEQUENCE NAME public.blog_post_tags_id_seq
    START WITH 1
    INCREMENT BY 1
    NO MINVALUE
    NO MAXVALUE
    CACHE 1
);


--
-- Name: blog_tag; Type: TABLE; Schema: public; Owner: djangifybe_user
--

CREATE TABLE public.blog_tag (
    id bigint NOT NULL,
    created_at timestamp with time zone NOT NULL,
    updated_at timestamp with time zone NOT NULL,
    title character varying(200) NOT NULL,
    slug character varying(100) NOT NULL
);


ALTER TABLE public.blog_tag OWNER TO djangifybe_user;

--
-- Name: blog_tag_id_seq; Type: SEQUENCE; Schema: public; Owner: djangifybe_user
--

ALTER TABLE public.blog_tag ALTER COLUMN id ADD GENERATED BY DEFAULT AS IDENTITY (
    SEQUENCE NAME public.blog_tag_id_seq
    START WITH 1
    INCREMENT BY 1
    NO MINVALUE
    NO MAXVALUE
    CACHE 1
);


--
-- Name: django_admin_log; Type: TABLE; Schema: public; Owner: djangifybe_user
--

CREATE TABLE public.django_admin_log (
    id integer NOT NULL,
    action_time timestamp with time zone NOT NULL,
    object_id text,
    object_repr character varying(200) NOT NULL,
    action_flag smallint NOT NULL,
    change_message text NOT NULL,
    content_type_id integer,
    user_id integer NOT NULL,
    CONSTRAINT django_admin_log_action_flag_check CHECK ((action_flag >= 0))
);


ALTER TABLE public.django_admin_log OWNER TO djangifybe_user;

--
-- Name: django_admin_log_id_seq; Type: SEQUENCE; Schema: public; Owner: djangifybe_user
--

ALTER TABLE public.django_admin_log ALTER COLUMN id ADD GENERATED BY DEFAULT AS IDENTITY (
    SEQUENCE NAME public.django_admin_log_id_seq
    START WITH 1
    INCREMENT BY 1
    NO MINVALUE
    NO MAXVALUE
    CACHE 1
);


--
-- Name: django_content_type; Type: TABLE; Schema: public; Owner: djangifybe_user
--

CREATE TABLE public.django_content_type (
    id integer NOT NULL,
    app_label character varying(100) NOT NULL,
    model character varying(100) NOT NULL
);


ALTER TABLE public.django_content_type OWNER TO djangifybe_user;

--
-- Name: django_content_type_id_seq; Type: SEQUENCE; Schema: public; Owner: djangifybe_user
--

ALTER TABLE public.django_content_type ALTER COLUMN id ADD GENERATED BY DEFAULT AS IDENTITY (
    SEQUENCE NAME public.django_content_type_id_seq
    START WITH 1
    INCREMENT BY 1
    NO MINVALUE
    NO MAXVALUE
    CACHE 1
);


--
-- Name: django_migrations; Type: TABLE; Schema: public; Owner: djangifybe_user
--

CREATE TABLE public.django_migrations (
    id bigint NOT NULL,
    app character varying(255) NOT NULL,
    name character varying(255) NOT NULL,
    applied timestamp with time zone NOT NULL
);


ALTER TABLE public.django_migrations OWNER TO djangifybe_user;

--
-- Name: django_migrations_id_seq; Type: SEQUENCE; Schema: public; Owner: djangifybe_user
--

ALTER TABLE public.django_migrations ALTER COLUMN id ADD GENERATED BY DEFAULT AS IDENTITY (
    SEQUENCE NAME public.django_migrations_id_seq
    START WITH 1
    INCREMENT BY 1
    NO MINVALUE
    NO MAXVALUE
    CACHE 1
);


--
-- Name: django_session; Type: TABLE; Schema: public; Owner: djangifybe_user
--

CREATE TABLE public.django_session (
    session_key character varying(40) NOT NULL,
    session_data text NOT NULL,
    expire_date timestamp with time zone NOT NULL
);


ALTER TABLE public.django_session OWNER TO djangifybe_user;

--
-- Name: django_summernote_attachment; Type: TABLE; Schema: public; Owner: djangifybe_user
--

CREATE TABLE public.django_summernote_attachment (
    id bigint NOT NULL,
    name character varying(255),
    file character varying(100) NOT NULL,
    uploaded timestamp with time zone NOT NULL
);


ALTER TABLE public.django_summernote_attachment OWNER TO djangifybe_user;

--
-- Name: django_summernote_attachment_id_seq; Type: SEQUENCE; Schema: public; Owner: djangifybe_user
--

ALTER TABLE public.django_summernote_attachment ALTER COLUMN id ADD GENERATED BY DEFAULT AS IDENTITY (
    SEQUENCE NAME public.django_summernote_attachment_id_seq
    START WITH 1
    INCREMENT BY 1
    NO MINVALUE
    NO MAXVALUE
    CACHE 1
);


--
-- Name: portfolio_portfolio; Type: TABLE; Schema: public; Owner: djangifybe_user
--

CREATE TABLE public.portfolio_portfolio (
    id bigint NOT NULL,
    created_at timestamp with time zone NOT NULL,
    updated_at timestamp with time zone NOT NULL,
    meta_title character varying(60) NOT NULL,
    meta_description character varying(160) NOT NULL,
    meta_keywords character varying(255) NOT NULL,
    title character varying(200) NOT NULL,
    slug character varying(50) NOT NULL,
    description text NOT NULL,
    short_description character varying(200) NOT NULL,
    featured_image character varying(100),
    project_url character varying(200) NOT NULL,
    github_url character varying(200) NOT NULL,
    is_featured boolean NOT NULL,
    "order" integer NOT NULL
);


ALTER TABLE public.portfolio_portfolio OWNER TO djangifybe_user;

--
-- Name: portfolio_portfolio_id_seq; Type: SEQUENCE; Schema: public; Owner: djangifybe_user
--

ALTER TABLE public.portfolio_portfolio ALTER COLUMN id ADD GENERATED BY DEFAULT AS IDENTITY (
    SEQUENCE NAME public.portfolio_portfolio_id_seq
    START WITH 1
    INCREMENT BY 1
    NO MINVALUE
    NO MAXVALUE
    CACHE 1
);


--
-- Name: portfolio_portfolio_technologies; Type: TABLE; Schema: public; Owner: djangifybe_user
--

CREATE TABLE public.portfolio_portfolio_technologies (
    id bigint NOT NULL,
    portfolio_id bigint NOT NULL,
    technology_id bigint NOT NULL
);


ALTER TABLE public.portfolio_portfolio_technologies OWNER TO djangifybe_user;

--
-- Name: portfolio_portfolio_technologies_id_seq; Type: SEQUENCE; Schema: public; Owner: djangifybe_user
--

ALTER TABLE public.portfolio_portfolio_technologies ALTER COLUMN id ADD GENERATED BY DEFAULT AS IDENTITY (
    SEQUENCE NAME public.portfolio_portfolio_technologies_id_seq
    START WITH 1
    INCREMENT BY 1
    NO MINVALUE
    NO MAXVALUE
    CACHE 1
);


--
-- Name: portfolio_portfolioimage; Type: TABLE; Schema: public; Owner: djangifybe_user
--

CREATE TABLE public.portfolio_portfolioimage (
    id bigint NOT NULL,
    created_at timestamp with time zone NOT NULL,
    updated_at timestamp with time zone NOT NULL,
    image character varying(100) NOT NULL,
    caption character varying(200) NOT NULL,
    "order" integer NOT NULL,
    portfolio_id bigint NOT NULL
);


ALTER TABLE public.portfolio_portfolioimage OWNER TO djangifybe_user;

--
-- Name: portfolio_portfolioimage_id_seq; Type: SEQUENCE; Schema: public; Owner: djangifybe_user
--

ALTER TABLE public.portfolio_portfolioimage ALTER COLUMN id ADD GENERATED BY DEFAULT AS IDENTITY (
    SEQUENCE NAME public.portfolio_portfolioimage_id_seq
    START WITH 1
    INCREMENT BY 1
    NO MINVALUE
    NO MAXVALUE
    CACHE 1
);


--
-- Name: portfolio_technology; Type: TABLE; Schema: public; Owner: djangifybe_user
--

CREATE TABLE public.portfolio_technology (
    id bigint NOT NULL,
    created_at timestamp with time zone NOT NULL,
    updated_at timestamp with time zone NOT NULL,
    name character varying(100) NOT NULL,
    slug character varying(50) NOT NULL,
    icon character varying(50) NOT NULL
);


ALTER TABLE public.portfolio_technology OWNER TO djangifybe_user;

--
-- Name: portfolio_technology_id_seq; Type: SEQUENCE; Schema: public; Owner: djangifybe_user
--

ALTER TABLE public.portfolio_technology ALTER COLUMN id ADD GENERATED BY DEFAULT AS IDENTITY (
    SEQUENCE NAME public.portfolio_technology_id_seq
    START WITH 1
    INCREMENT BY 1
    NO MINVALUE
    NO MAXVALUE
    CACHE 1
);


--
-- Name: token_blacklist_blacklistedtoken; Type: TABLE; Schema: public; Owner: djangifybe_user
--

CREATE TABLE public.token_blacklist_blacklistedtoken (
    id bigint NOT NULL,
    blacklisted_at timestamp with time zone NOT NULL,
    token_id bigint NOT NULL
);


ALTER TABLE public.token_blacklist_blacklistedtoken OWNER TO djangifybe_user;

--
-- Name: token_blacklist_blacklistedtoken_id_seq; Type: SEQUENCE; Schema: public; Owner: djangifybe_user
--

ALTER TABLE public.token_blacklist_blacklistedtoken ALTER COLUMN id ADD GENERATED BY DEFAULT AS IDENTITY (
    SEQUENCE NAME public.token_blacklist_blacklistedtoken_id_seq
    START WITH 1
    INCREMENT BY 1
    NO MINVALUE
    NO MAXVALUE
    CACHE 1
);


--
-- Name: token_blacklist_outstandingtoken; Type: TABLE; Schema: public; Owner: djangifybe_user
--

CREATE TABLE public.token_blacklist_outstandingtoken (
    id bigint NOT NULL,
    token text NOT NULL,
    created_at timestamp with time zone,
    expires_at timestamp with time zone NOT NULL,
    user_id integer,
    jti character varying(255) NOT NULL
);


ALTER TABLE public.token_blacklist_outstandingtoken OWNER TO djangifybe_user;

--
-- Name: token_blacklist_outstandingtoken_id_seq; Type: SEQUENCE; Schema: public; Owner: djangifybe_user
--

ALTER TABLE public.token_blacklist_outstandingtoken ALTER COLUMN id ADD GENERATED BY DEFAULT AS IDENTITY (
    SEQUENCE NAME public.token_blacklist_outstandingtoken_id_seq
    START WITH 1
    INCREMENT BY 1
    NO MINVALUE
    NO MAXVALUE
    CACHE 1
);


--
-- Data for Name: auth_group; Type: TABLE DATA; Schema: public; Owner: djangifybe_user
--

COPY public.auth_group (id, name) FROM stdin;
\.


--
-- Data for Name: auth_group_permissions; Type: TABLE DATA; Schema: public; Owner: djangifybe_user
--

COPY public.auth_group_permissions (id, group_id, permission_id) FROM stdin;
\.


--
-- Data for Name: auth_permission; Type: TABLE DATA; Schema: public; Owner: djangifybe_user
--

COPY public.auth_permission (id, name, content_type_id, codename) FROM stdin;
1	Can add log entry	1	add_logentry
2	Can change log entry	1	change_logentry
3	Can delete log entry	1	delete_logentry
4	Can view log entry	1	view_logentry
5	Can add permission	2	add_permission
6	Can change permission	2	change_permission
7	Can delete permission	2	delete_permission
8	Can view permission	2	view_permission
9	Can add group	3	add_group
10	Can change group	3	change_group
11	Can delete group	3	delete_group
12	Can view group	3	view_group
13	Can add user	4	add_user
14	Can change user	4	change_user
15	Can delete user	4	delete_user
16	Can view user	4	view_user
17	Can add content type	5	add_contenttype
18	Can change content type	5	change_contenttype
19	Can delete content type	5	delete_contenttype
20	Can view content type	5	view_contenttype
21	Can add session	6	add_session
22	Can change session	6	change_session
23	Can delete session	6	delete_session
24	Can view session	6	view_session
25	Can add attachment	7	add_attachment
26	Can change attachment	7	change_attachment
27	Can delete attachment	7	delete_attachment
28	Can view attachment	7	view_attachment
29	Can add category	8	add_category
30	Can change category	8	change_category
31	Can delete category	8	delete_category
32	Can view category	8	view_category
33	Can add tag	9	add_tag
34	Can change tag	9	change_tag
35	Can delete tag	9	delete_tag
36	Can view tag	9	view_tag
37	Can add post	10	add_post
38	Can change post	10	change_post
39	Can delete post	10	delete_post
40	Can view post	10	view_post
41	Can add portfolio	11	add_portfolio
42	Can change portfolio	11	change_portfolio
43	Can delete portfolio	11	delete_portfolio
44	Can view portfolio	11	view_portfolio
45	Can add technology	12	add_technology
46	Can change technology	12	change_technology
47	Can delete technology	12	delete_technology
48	Can view technology	12	view_technology
49	Can add portfolio image	13	add_portfolioimage
50	Can change portfolio image	13	change_portfolioimage
51	Can delete portfolio image	13	delete_portfolioimage
52	Can view portfolio image	13	view_portfolioimage
53	Can add blacklisted token	14	add_blacklistedtoken
54	Can change blacklisted token	14	change_blacklistedtoken
55	Can delete blacklisted token	14	delete_blacklistedtoken
56	Can view blacklisted token	14	view_blacklistedtoken
57	Can add outstanding token	15	add_outstandingtoken
58	Can change outstanding token	15	change_outstandingtoken
59	Can delete outstanding token	15	delete_outstandingtoken
60	Can view outstanding token	15	view_outstandingtoken
\.


--
-- Data for Name: auth_user; Type: TABLE DATA; Schema: public; Owner: djangifybe_user
--

COPY public.auth_user (id, password, last_login, is_superuser, username, first_name, last_name, email, is_staff, is_active, date_joined) FROM stdin;
2	pbkdf2_sha256$870000$sok1fuH4CMeWcdONH0QghY$NvqCo83uegX2Vckrc9RTzbagkpDLrml/lNyYv9RcAvI=	\N	t	djangify			djangify@gmail.com	t	t	2024-11-16 15:38:38.266792+00
3	pbkdf2_sha256$870000$sNPQEktoh2UzgEmXDsaxGs$XQftzs/fdDQ1poowNn0rjQJm2TWSPdv8kVFgtIIFlM8=	\N	t	manager			corriettediane@gmail.com	t	t	2024-11-16 15:49:52.715458+00
1	pbkdf2_sha256$870000$k111EtlCegGqZEXCBj45Wk$W1fzxP2AAw+wKQoOcuJufd8jcSF8vsNBZhy8Zg1Q1nI=	2024-11-16 16:34:43.73133+00	t	todiane			dcorriette@gmail.com	t	t	2024-11-10 18:53:27.016915+00
\.


--
-- Data for Name: auth_user_groups; Type: TABLE DATA; Schema: public; Owner: djangifybe_user
--

COPY public.auth_user_groups (id, user_id, group_id) FROM stdin;
\.


--
-- Data for Name: auth_user_user_permissions; Type: TABLE DATA; Schema: public; Owner: djangifybe_user
--

COPY public.auth_user_user_permissions (id, user_id, permission_id) FROM stdin;
\.


--
-- Data for Name: blog_category; Type: TABLE DATA; Schema: public; Owner: djangifybe_user
--

COPY public.blog_category (id, created_at, updated_at, title, slug, description) FROM stdin;
1	2024-11-13 15:53:50+00	2024-11-13 15:53:58.274837+00	Business	business	
2	2024-11-13 15:55:01+00	2024-11-13 15:55:09.965567+00	Websites	websites	
3	2024-11-13 15:55:57+00	2024-11-13 15:56:07.237118+00	Ladies	ladies	
4	2024-11-13 15:57:54+00	2024-11-13 15:58:01.369167+00	Apps	apps	
\.


--
-- Data for Name: blog_post; Type: TABLE DATA; Schema: public; Owner: djangifybe_user
--

COPY public.blog_post (id, created_at, updated_at, meta_title, meta_description, meta_keywords, title, slug, content, excerpt, featured_image, status, published_date, is_featured, category_id) FROM stdin;
3	2024-11-13 15:56:33.543153+00	2024-11-13 15:56:33.546321+00				Post Number Three	post-number-three	<p>Lorem ipsum dolor sit amet, consectetur adipiscing elit. Integer malesuada vestibulum nulla a accumsan. Phasellus sed suscipit dui. Vivamus sit amet eros ut nunc tincidunt congue id ac nisl. Pellentesque habitant morbi tristique senectus et netus et malesuada fames ac turpis egestas. Curabitur dignissim auctor urna, vel suscipit risus vehicula vel. Nam fringilla libero vitae mauris fringilla tristique. Nulla facilisi. In cursus lacus et justo efficitur, vitae condimentum lectus varius. Maecenas cursus lacus at turpis dignissim, ut tempus purus cursus. Proin in justo nec ipsum finibus vestibulum a a ligula.Lorem ipsum dolor sit amet, consectetur adipiscing elit. Integer malesuada vestibulum nulla a accumsan. Phasellus sed suscipit dui. Vivamus sit amet eros ut nunc tincidunt congue id ac nisl. Pellentesque habitant morbi tristique senectus et netus et malesuada fames ac turpis egestas. Curabitur dignissim auctor urna, vel suscipit risus vehicula vel. Nam fringilla libero vitae mauris fringilla tristique. Nulla facilisi. In cursus lacus et justo efficitur, vitae condimentum lectus varius. Maecenas cursus lacus at turpis dignissim, ut tempus purus cursus. Proin in justo nec ipsum finibus vestibulum a a ligula.</p>			published	2024-11-13 15:56:30+00	f	3
4	2024-11-13 15:58:20.040947+00	2024-11-13 15:58:20.043794+00				This Is Four	this-is-four	<p>Lorem ipsum dolor sit amet, consectetur adipiscing elit. Integer malesuada vestibulum nulla a accumsan. Phasellus sed suscipit dui. Vivamus sit amet eros ut nunc tincidunt congue id ac nisl. Pellentesque habitant morbi tristique senectus et netus et malesuada fames ac turpis egestas. Curabitur dignissim auctor urna, vel suscipit risus vehicula vel. Nam fringilla libero vitae mauris fringilla tristique. Nulla facilisi. In cursus lacus et justo efficitur, vitae condimentum lectus varius. Maecenas cursus lacus at turpis dignissim, ut tempus purus cursus. Proin in justo nec ipsum finibus vestibulum a a ligula.Lorem ipsum dolor sit amet, consectetur adipiscing elit. Integer malesuada vestibulum nulla a accumsan. Phasellus sed suscipit dui. Vivamus sit amet eros ut nunc tincidunt congue id ac nisl. Pellentesque habitant morbi tristique senectus et netus et malesuada fames ac turpis egestas. Curabitur dignissim auctor urna, vel suscipit risus vehicula vel. Nam fringilla libero vitae mauris fringilla tristique. Nulla facilisi. In cursus lacus et justo efficitur, vitae condimentum lectus varius. Maecenas cursus lacus at turpis dignissim, ut tempus purus cursus. Proin in justo nec ipsum finibus vestibulum a a ligula.Lorem ipsum dolor sit amet, consectetur adipiscing elit. Integer malesuada vestibulum nulla a accumsan. Phasellus sed suscipit dui. Vivamus sit amet eros ut nunc tincidunt congue id ac nisl. Pellentesque habitant morbi tristique senectus et netus et malesuada fames ac turpis egestas. Curabitur dignissim auctor urna, vel suscipit risus vehicula vel. Nam fringilla libero vitae mauris fringilla tristique. Nulla facilisi. In cursus lacus et justo efficitur, vitae condimentum lectus varius. Maecenas cursus lacus at turpis dignissim, ut tempus purus cursus. Proin in justo nec ipsum finibus vestibulum a a ligula.</p><p><br></p><p>Lorem ipsum dolor sit amet, consectetur adipiscing elit. Integer malesuada vestibulum nulla a accumsan. Phasellus sed suscipit dui. Vivamus sit amet eros ut nunc tincidunt congue id ac nisl. Pellentesque habitant morbi tristique senectus et netus et malesuada fames ac turpis egestas. Curabitur dignissim auctor urna, vel suscipit risus vehicula vel. Nam fringilla libero vitae mauris fringilla tristique. Nulla facilisi. In cursus lacus et justo efficitur, vitae condimentum lectus varius. Maecenas cursus lacus at turpis dignissim, ut tempus purus cursus. Proin in justo nec ipsum finibus vestibulum a a ligula.Lorem ipsum dolor sit amet, consectetur adipiscing elit. Integer malesuada vestibulum nulla a accumsan. Phasellus sed suscipit dui. Vivamus sit amet eros ut nunc tincidunt congue id ac nisl. Pellentesque habitant morbi tristique senectus et netus et malesuada fames ac turpis egestas. Curabitur dignissim auctor urna, vel suscipit risus vehicula vel. Nam fringilla libero vitae mauris fringilla tristique. Nulla facilisi. In cursus lacus et justo efficitur, vitae condimentum lectus varius. Maecenas cursus lacus at turpis dignissim, ut tempus purus cursus. Proin in justo nec ipsum finibus vestibulum a a ligula.</p><p><br></p><p>Lorem ipsum dolor sit amet, consectetur adipiscing elit. Integer malesuada vestibulum nulla a accumsan. Phasellus sed suscipit dui. Vivamus sit amet eros ut nunc tincidunt congue id ac nisl. Pellentesque habitant morbi tristique senectus et netus et malesuada fames ac turpis egestas. Curabitur dignissim auctor urna, vel suscipit risus vehicula vel. Nam fringilla libero vitae mauris fringilla tristique. Nulla facilisi. In cursus lacus et justo efficitur, vitae condimentum lectus varius. Maecenas cursus lacus at turpis dignissim, ut tempus purus cursus. Proin in justo nec ipsum finibus vestibulum a a ligula.Lorem ipsum dolor sit amet, consectetur adipiscing elit. Integer malesuada vestibulum nulla a accumsan. Phasellus sed suscipit dui. Vivamus sit amet eros ut nunc tincidunt congue id ac nisl. Pellentesque habitant morbi tristique senectus et netus et malesuada fames ac turpis egestas. Curabitur dignissim auctor urna, vel suscipit risus vehicula vel. Nam fringilla libero vitae mauris fringilla tristique. Nulla facilisi. In cursus lacus et justo efficitur, vitae condimentum lectus varius. Maecenas cursus lacus at turpis dignissim, ut tempus purus cursus. Proin in justo nec ipsum finibus vestibulum a a ligula.</p>	Lorem ipsum dolor sit amet, consectetur adipiscing elit. Integer malesuada vestibulum nulla a accumsan. Phasellus sed suscipit dui. Vivamus sit amet eros ut nunc tincidunt congue id ac nisl. Pellentesque habitant morbi tristique senectus et netus et malesuada fames ac turpis egestas. Curabitur dignissim auctor urna, vel suscipit risus vehicula vel. Nam fringilla libero vitae mauris fringilla tristique. Nulla facilisi. In cursus lacus et justo efficitur, vitae condimentum lectus varius. Maecenas cursus lacus at turpis dignissim, ut tempus purus cursus. Proin in justo nec ipsum finibus vestibulum a a ligula.	blog/anvil-apps-python.png	published	2024-11-13 15:58:16+00	t	4
1	2024-11-13 15:54:16.683916+00	2024-11-13 15:58:27.159357+00				Testing Post One	testing-post-one	<p>This is the first post and I wonder if images will show up</p><p><img src="/media/django-summernote/2024-11-13/d02e59e1-c481-4a94-8179-f5d29fc70b7a.png" style="width: 267.001px;"><br></p><p>Lorem ipsum dolor sit amet, consectetur adipiscing elit. Integer malesuada vestibulum nulla a accumsan. Phasellus sed suscipit dui. Vivamus sit amet eros ut nunc tincidunt congue id ac nisl. Pellentesque habitant morbi tristique senectus et netus et malesuada fames ac turpis egestas. Curabitur dignissim auctor urna, vel suscipit risus vehicula vel. Nam fringilla libero vitae mauris fringilla tristique. Nulla facilisi. In cursus lacus et justo efficitur, vitae condimentum lectus varius. Maecenas cursus lacus at turpis dignissim, ut tempus purus cursus. Proin in justo nec ipsum finibus vestibulum a a ligula.</p><p>Nunc lacinia convallis ligula, a posuere nibh. Donec vestibulum viverra est, vel facilisis libero luctus non. Quisque suscipit euismod interdum. Donec fringilla arcu id arcu convallis, eget consequat ligula gravida. Nulla eu risus suscipit, vehicula nisi eget, pharetra velit. Suspendisse potenti. Ut aliquet sem vel est efficitur, sit amet pharetra augue auctor. Nulla ultricies nec nunc nec sodales. Nam volutpat interdum purus, vel fringilla augue consectetur a. Morbi varius ac augue vel efficitur.</p><p>Fusce vestibulum libero et metus suscipit, a auctor ex consectetur. Integer nec arcu sit amet leo auctor convallis at ac sapien. Ut varius vel nisi eget fermentum. Aliquam eget malesuada urna, non accumsan nulla. Phasellus vel congue est. Morbi non orci sed justo fringilla varius. Aenean ut lacus at orci dignissim convallis eget in ex. Proin at nulla vel libero fermentum rhoncus a vitae quam. Pellentesque sollicitudin, magna nec posuere tempor, augue risus congue mi, at varius felis ligula nec est.</p><p><br></p>	Fusce vestibulum libero et metus suscipit, a auctor ex consectetur. Integer nec arcu sit amet leo auctor convallis at ac sapien. Ut varius vel nisi eget fermentum.		published	2024-11-13 15:53:34+00	t	1
2	2024-11-13 15:55:39.227867+00	2024-11-13 15:58:30.262442+00				Post Number Two	post-number-two	<p>Fusce vestibulum libero et metus suscipit, a auctor ex consectetur. Integer nec arcu sit amet leo auctor convallis at ac sapien. Ut varius vel nisi eget fermentum.Lorem ipsum dolor sit amet, consectetur adipiscing elit. Integer malesuada vestibulum nulla a accumsan. Phasellus sed suscipit dui. Vivamus sit amet eros ut nunc tincidunt congue id ac nisl. Pellentesque habitant morbi tristique senectus et netus et malesuada fames ac turpis egestas. Curabitur dignissim auctor urna, vel suscipit risus vehicula vel. Nam fringilla libero vitae mauris fringilla tristique. Nulla facilisi. In cursus lacus et justo efficitur, vitae condimentum lectus varius. Maecenas cursus lacus at turpis dignissim, ut tempus purus cursus. Proin in justo nec ipsum finibus vestibulum a a ligula.</p>		blog/python-concepts-mastery.png	published	2024-11-13 15:55:34+00	t	2
\.


--
-- Data for Name: blog_post_tags; Type: TABLE DATA; Schema: public; Owner: djangifybe_user
--

COPY public.blog_post_tags (id, post_id, tag_id) FROM stdin;
1	1	1
2	2	1
3	2	2
4	3	1
5	3	3
6	3	4
7	4	4
8	4	5
\.


--
-- Data for Name: blog_tag; Type: TABLE DATA; Schema: public; Owner: djangifybe_user
--

COPY public.blog_tag (id, created_at, updated_at, title, slug) FROM stdin;
1	2024-11-13 15:53:59+00	2024-11-13 15:54:11.292861+00	Django	django
2	2024-11-13 15:55:12+00	2024-11-13 15:55:24.46463+00	websites	websites
3	2024-11-13 15:56:12+00	2024-11-13 15:56:18.598943+00	ladies	ladies
4	2024-11-13 15:56:19+00	2024-11-13 15:56:24.01537+00	work	work
5	2024-11-13 15:58:04+00	2024-11-13 15:58:10.128877+00	apps	apps
\.


--
-- Data for Name: django_admin_log; Type: TABLE DATA; Schema: public; Owner: djangifybe_user
--

COPY public.django_admin_log (id, action_time, object_id, object_repr, action_flag, change_message, content_type_id, user_id) FROM stdin;
1	2024-11-13 15:53:58.276086+00	1	Business	1	[{"added": {}}]	8	1
2	2024-11-13 15:54:11.294003+00	1	Django	1	[{"added": {}}]	9	1
3	2024-11-13 15:54:16.694711+00	1	Testing Post One	1	[{"added": {}}]	10	1
4	2024-11-13 15:55:09.96604+00	2	Websites	1	[{"added": {}}]	8	1
5	2024-11-13 15:55:24.465094+00	2	websites	1	[{"added": {}}]	9	1
6	2024-11-13 15:55:39.28363+00	2	Post Number Two	1	[{"added": {}}]	10	1
7	2024-11-13 15:56:07.237631+00	3	Ladies	1	[{"added": {}}]	8	1
8	2024-11-13 15:56:18.599405+00	3	ladies	1	[{"added": {}}]	9	1
9	2024-11-13 15:56:24.015804+00	4	work	1	[{"added": {}}]	9	1
10	2024-11-13 15:56:33.548219+00	3	Post Number Three	1	[{"added": {}}]	10	1
11	2024-11-13 15:58:01.369653+00	4	Apps	1	[{"added": {}}]	8	1
12	2024-11-13 15:58:10.129342+00	5	apps	1	[{"added": {}}]	9	1
13	2024-11-13 15:58:20.088721+00	4	This Is Four	1	[{"added": {}}]	10	1
14	2024-11-13 15:58:27.16008+00	1	Testing Post One	2	[{"changed": {"fields": ["Status"]}}]	10	1
15	2024-11-13 15:58:30.288926+00	2	Post Number Two	2	[{"changed": {"fields": ["Is featured"]}}]	10	1
16	2024-11-13 15:59:35.216966+00	1	Python	1	[{"added": {}}]	12	1
17	2024-11-13 15:59:45.533295+00	2	Django	1	[{"added": {}}]	12	1
18	2024-11-13 15:59:55.73445+00	3	React	1	[{"added": {}}]	12	1
19	2024-11-13 16:00:07.653914+00	4	Next.Js	1	[{"added": {}}]	12	1
20	2024-11-13 16:01:43.704566+00	1	Portfolio One	1	[{"added": {}}, {"added": {"name": "portfolio image", "object": "Image 1 for Portfolio One"}}]	11	1
21	2024-11-16 16:35:08.655782+00	6	jones	3		4	1
22	2024-11-16 16:35:08.655806+00	5	robynwear	3		4	1
23	2024-11-16 16:35:08.655816+00	4	sally	3		4	1
\.


--
-- Data for Name: django_content_type; Type: TABLE DATA; Schema: public; Owner: djangifybe_user
--

COPY public.django_content_type (id, app_label, model) FROM stdin;
1	admin	logentry
2	auth	permission
3	auth	group
4	auth	user
5	contenttypes	contenttype
6	sessions	session
7	django_summernote	attachment
8	blog	category
9	blog	tag
10	blog	post
11	portfolio	portfolio
12	portfolio	technology
13	portfolio	portfolioimage
14	token_blacklist	blacklistedtoken
15	token_blacklist	outstandingtoken
\.


--
-- Data for Name: django_migrations; Type: TABLE DATA; Schema: public; Owner: djangifybe_user
--

COPY public.django_migrations (id, app, name, applied) FROM stdin;
1	contenttypes	0001_initial	2024-11-10 13:41:02.764886+00
2	auth	0001_initial	2024-11-10 13:41:02.820699+00
3	admin	0001_initial	2024-11-10 13:41:02.836784+00
4	admin	0002_logentry_remove_auto_add	2024-11-10 13:41:02.840524+00
5	admin	0003_logentry_add_action_flag_choices	2024-11-10 13:41:02.844255+00
6	contenttypes	0002_remove_content_type_name	2024-11-10 13:41:02.851773+00
7	auth	0002_alter_permission_name_max_length	2024-11-10 13:41:02.855637+00
8	auth	0003_alter_user_email_max_length	2024-11-10 13:41:02.859632+00
9	auth	0004_alter_user_username_opts	2024-11-10 13:41:02.863407+00
10	auth	0005_alter_user_last_login_null	2024-11-10 13:41:02.867375+00
11	auth	0006_require_contenttypes_0002	2024-11-10 13:41:02.868721+00
12	auth	0007_alter_validators_add_error_messages	2024-11-10 13:41:02.87308+00
13	auth	0008_alter_user_username_max_length	2024-11-10 13:41:02.880178+00
14	auth	0009_alter_user_last_name_max_length	2024-11-10 13:41:02.884292+00
15	auth	0010_alter_group_name_max_length	2024-11-10 13:41:02.888626+00
16	auth	0011_update_proxy_permissions	2024-11-10 13:41:02.892076+00
17	auth	0012_alter_user_first_name_max_length	2024-11-10 13:41:02.896404+00
18	django_summernote	0001_initial	2024-11-10 13:41:02.900962+00
19	django_summernote	0002_update-help_text	2024-11-10 13:41:02.902789+00
20	sessions	0001_initial	2024-11-10 13:41:02.914447+00
21	blog	0001_initial	2024-11-10 18:12:00.717118+00
22	django_summernote	0003_alter_attachment_id	2024-11-10 18:31:18.703901+00
23	portfolio	0001_initial	2024-11-10 18:31:18.740682+00
24	token_blacklist	0001_initial	2024-11-11 22:37:16.153298+00
25	token_blacklist	0002_outstandingtoken_jti_hex	2024-11-11 22:37:16.159244+00
26	token_blacklist	0003_auto_20171017_2007	2024-11-11 22:37:16.167605+00
27	token_blacklist	0004_auto_20171017_2013	2024-11-11 22:37:16.1786+00
28	token_blacklist	0005_remove_outstandingtoken_jti	2024-11-11 22:37:16.184907+00
29	token_blacklist	0006_auto_20171017_2113	2024-11-11 22:37:16.189603+00
30	token_blacklist	0007_auto_20171017_2214	2024-11-11 22:37:16.21478+00
31	token_blacklist	0008_migrate_to_bigautofield	2024-11-11 22:37:16.247695+00
32	token_blacklist	0010_fix_migrate_to_bigautofield	2024-11-11 22:37:16.255762+00
33	token_blacklist	0011_linearizes_history	2024-11-11 22:37:16.257259+00
34	token_blacklist	0012_alter_outstandingtoken_user	2024-11-11 22:37:16.26178+00
35	portfolio	0002_alter_portfolioimage_options	2024-11-14 06:44:54.794341+00
36	blog	0002_alter_category_options_alter_tag_options	2024-11-14 06:58:57.464063+00
37	portfolio	0003_alter_technology_options	2024-11-14 06:58:57.467281+00
\.


--
-- Data for Name: django_session; Type: TABLE DATA; Schema: public; Owner: djangifybe_user
--

COPY public.django_session (session_key, session_data, expire_date) FROM stdin;
56339izq2nabnzo3hqkyjizqcfh261v3	.eJxVjMsOwiAURP-FtSEXkJdL9_0GcukFqRpISrsy_ruSdKG7yZwz82IB962Evac1LMQuTLDTbxdxfqQ6AN2x3hqfW93WJfKh8IN2PjVKz-vh_h0U7OW7BpHdWSfjXDaSEEWU0oJFUlkZLTKgIvSesoQ0AiRNGJ3UXoLNCOz9AeAgN_g:1tCLkx:Emy2zrrSWS8K8sC1xgj-qX5Hyg3y3tkdjLtzcE2BgZs	2024-11-30 16:34:43.732987+00
\.


--
-- Data for Name: django_summernote_attachment; Type: TABLE DATA; Schema: public; Owner: djangifybe_user
--

COPY public.django_summernote_attachment (id, name, file, uploaded) FROM stdin;
1	d.png	django-summernote/2024-11-13/d02e59e1-c481-4a94-8179-f5d29fc70b7a.png	2024-11-13 15:52:35.649373+00
\.


--
-- Data for Name: portfolio_portfolio; Type: TABLE DATA; Schema: public; Owner: djangifybe_user
--

COPY public.portfolio_portfolio (id, created_at, updated_at, meta_title, meta_description, meta_keywords, title, slug, description, short_description, featured_image, project_url, github_url, is_featured, "order") FROM stdin;
1	2024-11-13 16:01:43.102694+00	2024-11-13 16:01:43.109069+00				Portfolio One	portfolio-one	<p>Lorem ipsum dolor sit amet, consectetur adipiscing elit. Integer malesuada vestibulum nulla a accumsan. Phasellus sed suscipit dui. Vivamus sit amet eros ut nunc tincidunt congue id ac nisl. Pellentesque habitant morbi tristique senectus et netus et malesuada fames ac turpis egestas. Curabitur dignissim auctor urna, vel suscipit risus vehicula vel. Nam fringilla libero vitae mauris fringilla tristique. Nulla facilisi. In cursus lacus et justo efficitur, vitae condimentum lectus varius. Maecenas cursus lacus at turpis dignissim, ut tempus purus cursus. Proin in justo nec ipsum finibus vestibulum a a ligula.</p><p><br></p><p>Lorem ipsum dolor sit amet, consectetur adipiscing elit. Integer malesuada vestibulum nulla a accumsan. Phasellus sed suscipit dui. Vivamus sit amet eros ut nunc tincidunt congue id ac nisl. Pellentesque habitant morbi tristique senectus et netus et malesuada fames ac turpis egestas. Curabitur dignissim auctor urna, vel suscipit risus vehicula vel. Nam fringilla libero vitae mauris fringilla tristique. Nulla facilisi. In cursus lacus et justo efficitur, vitae condimentum lectus varius. Maecenas cursus lacus at turpis dignissim, ut tempus purus cursus. Proin in justo nec ipsum finibus vestibulum a a ligula.</p>	Portfolio One short description	portfolio/portfolio-one.png	https://penandipublishing.com	https://github.com/todiane/poster-palace	f	1
\.


--
-- Data for Name: portfolio_portfolio_technologies; Type: TABLE DATA; Schema: public; Owner: djangifybe_user
--

COPY public.portfolio_portfolio_technologies (id, portfolio_id, technology_id) FROM stdin;
1	1	1
2	1	2
3	1	3
4	1	4
\.


--
-- Data for Name: portfolio_portfolioimage; Type: TABLE DATA; Schema: public; Owner: djangifybe_user
--

COPY public.portfolio_portfolioimage (id, created_at, updated_at, image, caption, "order", portfolio_id) FROM stdin;
1	2024-11-13 16:01:43.106995+00	2024-11-13 16:01:43.483727+00	portfolio/gallery/portfolio-one-1.png	one image	1	1
\.


--
-- Data for Name: portfolio_technology; Type: TABLE DATA; Schema: public; Owner: djangifybe_user
--

COPY public.portfolio_technology (id, created_at, updated_at, name, slug, icon) FROM stdin;
1	2024-11-13 15:59:23+00	2024-11-13 15:59:35.215074+00	Python	python	python
2	2024-11-13 15:59:37+00	2024-11-13 15:59:45.532853+00	Django	django	Django
3	2024-11-13 15:59:46+00	2024-11-13 15:59:55.733984+00	React	react	React
4	2024-11-13 15:59:57+00	2024-11-13 16:00:07.653474+00	Next.Js	nextjs	nextjs
\.


--
-- Data for Name: token_blacklist_blacklistedtoken; Type: TABLE DATA; Schema: public; Owner: djangifybe_user
--

COPY public.token_blacklist_blacklistedtoken (id, blacklisted_at, token_id) FROM stdin;
\.


--
-- Data for Name: token_blacklist_outstandingtoken; Type: TABLE DATA; Schema: public; Owner: djangifybe_user
--

COPY public.token_blacklist_outstandingtoken (id, token, created_at, expires_at, user_id, jti) FROM stdin;
\.


--
-- Name: auth_group_id_seq; Type: SEQUENCE SET; Schema: public; Owner: djangifybe_user
--

SELECT pg_catalog.setval('public.auth_group_id_seq', 1, false);


--
-- Name: auth_group_permissions_id_seq; Type: SEQUENCE SET; Schema: public; Owner: djangifybe_user
--

SELECT pg_catalog.setval('public.auth_group_permissions_id_seq', 1, false);


--
-- Name: auth_permission_id_seq; Type: SEQUENCE SET; Schema: public; Owner: djangifybe_user
--

SELECT pg_catalog.setval('public.auth_permission_id_seq', 60, true);


--
-- Name: auth_user_groups_id_seq; Type: SEQUENCE SET; Schema: public; Owner: djangifybe_user
--

SELECT pg_catalog.setval('public.auth_user_groups_id_seq', 1, false);


--
-- Name: auth_user_id_seq; Type: SEQUENCE SET; Schema: public; Owner: djangifybe_user
--

SELECT pg_catalog.setval('public.auth_user_id_seq', 6, true);


--
-- Name: auth_user_user_permissions_id_seq; Type: SEQUENCE SET; Schema: public; Owner: djangifybe_user
--

SELECT pg_catalog.setval('public.auth_user_user_permissions_id_seq', 1, false);


--
-- Name: blog_category_id_seq; Type: SEQUENCE SET; Schema: public; Owner: djangifybe_user
--

SELECT pg_catalog.setval('public.blog_category_id_seq', 4, true);


--
-- Name: blog_post_id_seq; Type: SEQUENCE SET; Schema: public; Owner: djangifybe_user
--

SELECT pg_catalog.setval('public.blog_post_id_seq', 4, true);


--
-- Name: blog_post_tags_id_seq; Type: SEQUENCE SET; Schema: public; Owner: djangifybe_user
--

SELECT pg_catalog.setval('public.blog_post_tags_id_seq', 8, true);


--
-- Name: blog_tag_id_seq; Type: SEQUENCE SET; Schema: public; Owner: djangifybe_user
--

SELECT pg_catalog.setval('public.blog_tag_id_seq', 5, true);


--
-- Name: django_admin_log_id_seq; Type: SEQUENCE SET; Schema: public; Owner: djangifybe_user
--

SELECT pg_catalog.setval('public.django_admin_log_id_seq', 23, true);


--
-- Name: django_content_type_id_seq; Type: SEQUENCE SET; Schema: public; Owner: djangifybe_user
--

SELECT pg_catalog.setval('public.django_content_type_id_seq', 15, true);


--
-- Name: django_migrations_id_seq; Type: SEQUENCE SET; Schema: public; Owner: djangifybe_user
--

SELECT pg_catalog.setval('public.django_migrations_id_seq', 37, true);


--
-- Name: django_summernote_attachment_id_seq; Type: SEQUENCE SET; Schema: public; Owner: djangifybe_user
--

SELECT pg_catalog.setval('public.django_summernote_attachment_id_seq', 1, true);


--
-- Name: portfolio_portfolio_id_seq; Type: SEQUENCE SET; Schema: public; Owner: djangifybe_user
--

SELECT pg_catalog.setval('public.portfolio_portfolio_id_seq', 1, true);


--
-- Name: portfolio_portfolio_technologies_id_seq; Type: SEQUENCE SET; Schema: public; Owner: djangifybe_user
--

SELECT pg_catalog.setval('public.portfolio_portfolio_technologies_id_seq', 4, true);


--
-- Name: portfolio_portfolioimage_id_seq; Type: SEQUENCE SET; Schema: public; Owner: djangifybe_user
--

SELECT pg_catalog.setval('public.portfolio_portfolioimage_id_seq', 1, true);


--
-- Name: portfolio_technology_id_seq; Type: SEQUENCE SET; Schema: public; Owner: djangifybe_user
--

SELECT pg_catalog.setval('public.portfolio_technology_id_seq', 4, true);


--
-- Name: token_blacklist_blacklistedtoken_id_seq; Type: SEQUENCE SET; Schema: public; Owner: djangifybe_user
--

SELECT pg_catalog.setval('public.token_blacklist_blacklistedtoken_id_seq', 1, false);


--
-- Name: token_blacklist_outstandingtoken_id_seq; Type: SEQUENCE SET; Schema: public; Owner: djangifybe_user
--

SELECT pg_catalog.setval('public.token_blacklist_outstandingtoken_id_seq', 1, false);


--
-- Name: auth_group auth_group_name_key; Type: CONSTRAINT; Schema: public; Owner: djangifybe_user
--

ALTER TABLE ONLY public.auth_group
    ADD CONSTRAINT auth_group_name_key UNIQUE (name);


--
-- Name: auth_group_permissions auth_group_permissions_group_id_permission_id_0cd325b0_uniq; Type: CONSTRAINT; Schema: public; Owner: djangifybe_user
--

ALTER TABLE ONLY public.auth_group_permissions
    ADD CONSTRAINT auth_group_permissions_group_id_permission_id_0cd325b0_uniq UNIQUE (group_id, permission_id);


--
-- Name: auth_group_permissions auth_group_permissions_pkey; Type: CONSTRAINT; Schema: public; Owner: djangifybe_user
--

ALTER TABLE ONLY public.auth_group_permissions
    ADD CONSTRAINT auth_group_permissions_pkey PRIMARY KEY (id);


--
-- Name: auth_group auth_group_pkey; Type: CONSTRAINT; Schema: public; Owner: djangifybe_user
--

ALTER TABLE ONLY public.auth_group
    ADD CONSTRAINT auth_group_pkey PRIMARY KEY (id);


--
-- Name: auth_permission auth_permission_content_type_id_codename_01ab375a_uniq; Type: CONSTRAINT; Schema: public; Owner: djangifybe_user
--

ALTER TABLE ONLY public.auth_permission
    ADD CONSTRAINT auth_permission_content_type_id_codename_01ab375a_uniq UNIQUE (content_type_id, codename);


--
-- Name: auth_permission auth_permission_pkey; Type: CONSTRAINT; Schema: public; Owner: djangifybe_user
--

ALTER TABLE ONLY public.auth_permission
    ADD CONSTRAINT auth_permission_pkey PRIMARY KEY (id);


--
-- Name: auth_user_groups auth_user_groups_pkey; Type: CONSTRAINT; Schema: public; Owner: djangifybe_user
--

ALTER TABLE ONLY public.auth_user_groups
    ADD CONSTRAINT auth_user_groups_pkey PRIMARY KEY (id);


--
-- Name: auth_user_groups auth_user_groups_user_id_group_id_94350c0c_uniq; Type: CONSTRAINT; Schema: public; Owner: djangifybe_user
--

ALTER TABLE ONLY public.auth_user_groups
    ADD CONSTRAINT auth_user_groups_user_id_group_id_94350c0c_uniq UNIQUE (user_id, group_id);


--
-- Name: auth_user auth_user_pkey; Type: CONSTRAINT; Schema: public; Owner: djangifybe_user
--

ALTER TABLE ONLY public.auth_user
    ADD CONSTRAINT auth_user_pkey PRIMARY KEY (id);


--
-- Name: auth_user_user_permissions auth_user_user_permissions_pkey; Type: CONSTRAINT; Schema: public; Owner: djangifybe_user
--

ALTER TABLE ONLY public.auth_user_user_permissions
    ADD CONSTRAINT auth_user_user_permissions_pkey PRIMARY KEY (id);


--
-- Name: auth_user_user_permissions auth_user_user_permissions_user_id_permission_id_14a6b632_uniq; Type: CONSTRAINT; Schema: public; Owner: djangifybe_user
--

ALTER TABLE ONLY public.auth_user_user_permissions
    ADD CONSTRAINT auth_user_user_permissions_user_id_permission_id_14a6b632_uniq UNIQUE (user_id, permission_id);


--
-- Name: auth_user auth_user_username_key; Type: CONSTRAINT; Schema: public; Owner: djangifybe_user
--

ALTER TABLE ONLY public.auth_user
    ADD CONSTRAINT auth_user_username_key UNIQUE (username);


--
-- Name: blog_category blog_category_pkey; Type: CONSTRAINT; Schema: public; Owner: djangifybe_user
--

ALTER TABLE ONLY public.blog_category
    ADD CONSTRAINT blog_category_pkey PRIMARY KEY (id);


--
-- Name: blog_category blog_category_slug_key; Type: CONSTRAINT; Schema: public; Owner: djangifybe_user
--

ALTER TABLE ONLY public.blog_category
    ADD CONSTRAINT blog_category_slug_key UNIQUE (slug);


--
-- Name: blog_post blog_post_pkey; Type: CONSTRAINT; Schema: public; Owner: djangifybe_user
--

ALTER TABLE ONLY public.blog_post
    ADD CONSTRAINT blog_post_pkey PRIMARY KEY (id);


--
-- Name: blog_post blog_post_slug_key; Type: CONSTRAINT; Schema: public; Owner: djangifybe_user
--

ALTER TABLE ONLY public.blog_post
    ADD CONSTRAINT blog_post_slug_key UNIQUE (slug);


--
-- Name: blog_post_tags blog_post_tags_pkey; Type: CONSTRAINT; Schema: public; Owner: djangifybe_user
--

ALTER TABLE ONLY public.blog_post_tags
    ADD CONSTRAINT blog_post_tags_pkey PRIMARY KEY (id);


--
-- Name: blog_post_tags blog_post_tags_post_id_tag_id_4925ec37_uniq; Type: CONSTRAINT; Schema: public; Owner: djangifybe_user
--

ALTER TABLE ONLY public.blog_post_tags
    ADD CONSTRAINT blog_post_tags_post_id_tag_id_4925ec37_uniq UNIQUE (post_id, tag_id);


--
-- Name: blog_tag blog_tag_pkey; Type: CONSTRAINT; Schema: public; Owner: djangifybe_user
--

ALTER TABLE ONLY public.blog_tag
    ADD CONSTRAINT blog_tag_pkey PRIMARY KEY (id);


--
-- Name: blog_tag blog_tag_slug_key; Type: CONSTRAINT; Schema: public; Owner: djangifybe_user
--

ALTER TABLE ONLY public.blog_tag
    ADD CONSTRAINT blog_tag_slug_key UNIQUE (slug);


--
-- Name: django_admin_log django_admin_log_pkey; Type: CONSTRAINT; Schema: public; Owner: djangifybe_user
--

ALTER TABLE ONLY public.django_admin_log
    ADD CONSTRAINT django_admin_log_pkey PRIMARY KEY (id);


--
-- Name: django_content_type django_content_type_app_label_model_76bd3d3b_uniq; Type: CONSTRAINT; Schema: public; Owner: djangifybe_user
--

ALTER TABLE ONLY public.django_content_type
    ADD CONSTRAINT django_content_type_app_label_model_76bd3d3b_uniq UNIQUE (app_label, model);


--
-- Name: django_content_type django_content_type_pkey; Type: CONSTRAINT; Schema: public; Owner: djangifybe_user
--

ALTER TABLE ONLY public.django_content_type
    ADD CONSTRAINT django_content_type_pkey PRIMARY KEY (id);


--
-- Name: django_migrations django_migrations_pkey; Type: CONSTRAINT; Schema: public; Owner: djangifybe_user
--

ALTER TABLE ONLY public.django_migrations
    ADD CONSTRAINT django_migrations_pkey PRIMARY KEY (id);


--
-- Name: django_session django_session_pkey; Type: CONSTRAINT; Schema: public; Owner: djangifybe_user
--

ALTER TABLE ONLY public.django_session
    ADD CONSTRAINT django_session_pkey PRIMARY KEY (session_key);


--
-- Name: django_summernote_attachment django_summernote_attachment_pkey; Type: CONSTRAINT; Schema: public; Owner: djangifybe_user
--

ALTER TABLE ONLY public.django_summernote_attachment
    ADD CONSTRAINT django_summernote_attachment_pkey PRIMARY KEY (id);


--
-- Name: portfolio_portfolio portfolio_portfolio_pkey; Type: CONSTRAINT; Schema: public; Owner: djangifybe_user
--

ALTER TABLE ONLY public.portfolio_portfolio
    ADD CONSTRAINT portfolio_portfolio_pkey PRIMARY KEY (id);


--
-- Name: portfolio_portfolio portfolio_portfolio_slug_key; Type: CONSTRAINT; Schema: public; Owner: djangifybe_user
--

ALTER TABLE ONLY public.portfolio_portfolio
    ADD CONSTRAINT portfolio_portfolio_slug_key UNIQUE (slug);


--
-- Name: portfolio_portfolio_technologies portfolio_portfolio_tech_portfolio_id_technology__840c509b_uniq; Type: CONSTRAINT; Schema: public; Owner: djangifybe_user
--

ALTER TABLE ONLY public.portfolio_portfolio_technologies
    ADD CONSTRAINT portfolio_portfolio_tech_portfolio_id_technology__840c509b_uniq UNIQUE (portfolio_id, technology_id);


--
-- Name: portfolio_portfolio_technologies portfolio_portfolio_technologies_pkey; Type: CONSTRAINT; Schema: public; Owner: djangifybe_user
--

ALTER TABLE ONLY public.portfolio_portfolio_technologies
    ADD CONSTRAINT portfolio_portfolio_technologies_pkey PRIMARY KEY (id);


--
-- Name: portfolio_portfolioimage portfolio_portfolioimage_pkey; Type: CONSTRAINT; Schema: public; Owner: djangifybe_user
--

ALTER TABLE ONLY public.portfolio_portfolioimage
    ADD CONSTRAINT portfolio_portfolioimage_pkey PRIMARY KEY (id);


--
-- Name: portfolio_technology portfolio_technology_pkey; Type: CONSTRAINT; Schema: public; Owner: djangifybe_user
--

ALTER TABLE ONLY public.portfolio_technology
    ADD CONSTRAINT portfolio_technology_pkey PRIMARY KEY (id);


--
-- Name: portfolio_technology portfolio_technology_slug_key; Type: CONSTRAINT; Schema: public; Owner: djangifybe_user
--

ALTER TABLE ONLY public.portfolio_technology
    ADD CONSTRAINT portfolio_technology_slug_key UNIQUE (slug);


--
-- Name: token_blacklist_blacklistedtoken token_blacklist_blacklistedtoken_pkey; Type: CONSTRAINT; Schema: public; Owner: djangifybe_user
--

ALTER TABLE ONLY public.token_blacklist_blacklistedtoken
    ADD CONSTRAINT token_blacklist_blacklistedtoken_pkey PRIMARY KEY (id);


--
-- Name: token_blacklist_blacklistedtoken token_blacklist_blacklistedtoken_token_id_key; Type: CONSTRAINT; Schema: public; Owner: djangifybe_user
--

ALTER TABLE ONLY public.token_blacklist_blacklistedtoken
    ADD CONSTRAINT token_blacklist_blacklistedtoken_token_id_key UNIQUE (token_id);


--
-- Name: token_blacklist_outstandingtoken token_blacklist_outstandingtoken_jti_hex_d9bdf6f7_uniq; Type: CONSTRAINT; Schema: public; Owner: djangifybe_user
--

ALTER TABLE ONLY public.token_blacklist_outstandingtoken
    ADD CONSTRAINT token_blacklist_outstandingtoken_jti_hex_d9bdf6f7_uniq UNIQUE (jti);


--
-- Name: token_blacklist_outstandingtoken token_blacklist_outstandingtoken_pkey; Type: CONSTRAINT; Schema: public; Owner: djangifybe_user
--

ALTER TABLE ONLY public.token_blacklist_outstandingtoken
    ADD CONSTRAINT token_blacklist_outstandingtoken_pkey PRIMARY KEY (id);


--
-- Name: auth_group_name_a6ea08ec_like; Type: INDEX; Schema: public; Owner: djangifybe_user
--

CREATE INDEX auth_group_name_a6ea08ec_like ON public.auth_group USING btree (name varchar_pattern_ops);


--
-- Name: auth_group_permissions_group_id_b120cbf9; Type: INDEX; Schema: public; Owner: djangifybe_user
--

CREATE INDEX auth_group_permissions_group_id_b120cbf9 ON public.auth_group_permissions USING btree (group_id);


--
-- Name: auth_group_permissions_permission_id_84c5c92e; Type: INDEX; Schema: public; Owner: djangifybe_user
--

CREATE INDEX auth_group_permissions_permission_id_84c5c92e ON public.auth_group_permissions USING btree (permission_id);


--
-- Name: auth_permission_content_type_id_2f476e4b; Type: INDEX; Schema: public; Owner: djangifybe_user
--

CREATE INDEX auth_permission_content_type_id_2f476e4b ON public.auth_permission USING btree (content_type_id);


--
-- Name: auth_user_groups_group_id_97559544; Type: INDEX; Schema: public; Owner: djangifybe_user
--

CREATE INDEX auth_user_groups_group_id_97559544 ON public.auth_user_groups USING btree (group_id);


--
-- Name: auth_user_groups_user_id_6a12ed8b; Type: INDEX; Schema: public; Owner: djangifybe_user
--

CREATE INDEX auth_user_groups_user_id_6a12ed8b ON public.auth_user_groups USING btree (user_id);


--
-- Name: auth_user_user_permissions_permission_id_1fbb5f2c; Type: INDEX; Schema: public; Owner: djangifybe_user
--

CREATE INDEX auth_user_user_permissions_permission_id_1fbb5f2c ON public.auth_user_user_permissions USING btree (permission_id);


--
-- Name: auth_user_user_permissions_user_id_a95ead1b; Type: INDEX; Schema: public; Owner: djangifybe_user
--

CREATE INDEX auth_user_user_permissions_user_id_a95ead1b ON public.auth_user_user_permissions USING btree (user_id);


--
-- Name: auth_user_username_6821ab7c_like; Type: INDEX; Schema: public; Owner: djangifybe_user
--

CREATE INDEX auth_user_username_6821ab7c_like ON public.auth_user USING btree (username varchar_pattern_ops);


--
-- Name: blog_category_slug_92643dc5_like; Type: INDEX; Schema: public; Owner: djangifybe_user
--

CREATE INDEX blog_category_slug_92643dc5_like ON public.blog_category USING btree (slug varchar_pattern_ops);


--
-- Name: blog_post_category_id_c326dbf8; Type: INDEX; Schema: public; Owner: djangifybe_user
--

CREATE INDEX blog_post_category_id_c326dbf8 ON public.blog_post USING btree (category_id);


--
-- Name: blog_post_slug_b95473f2_like; Type: INDEX; Schema: public; Owner: djangifybe_user
--

CREATE INDEX blog_post_slug_b95473f2_like ON public.blog_post USING btree (slug varchar_pattern_ops);


--
-- Name: blog_post_tags_post_id_a1c71c8a; Type: INDEX; Schema: public; Owner: djangifybe_user
--

CREATE INDEX blog_post_tags_post_id_a1c71c8a ON public.blog_post_tags USING btree (post_id);


--
-- Name: blog_post_tags_tag_id_0875c551; Type: INDEX; Schema: public; Owner: djangifybe_user
--

CREATE INDEX blog_post_tags_tag_id_0875c551 ON public.blog_post_tags USING btree (tag_id);


--
-- Name: blog_tag_slug_01068d0e_like; Type: INDEX; Schema: public; Owner: djangifybe_user
--

CREATE INDEX blog_tag_slug_01068d0e_like ON public.blog_tag USING btree (slug varchar_pattern_ops);


--
-- Name: django_admin_log_content_type_id_c4bce8eb; Type: INDEX; Schema: public; Owner: djangifybe_user
--

CREATE INDEX django_admin_log_content_type_id_c4bce8eb ON public.django_admin_log USING btree (content_type_id);


--
-- Name: django_admin_log_user_id_c564eba6; Type: INDEX; Schema: public; Owner: djangifybe_user
--

CREATE INDEX django_admin_log_user_id_c564eba6 ON public.django_admin_log USING btree (user_id);


--
-- Name: django_session_expire_date_a5c62663; Type: INDEX; Schema: public; Owner: djangifybe_user
--

CREATE INDEX django_session_expire_date_a5c62663 ON public.django_session USING btree (expire_date);


--
-- Name: django_session_session_key_c0390e0f_like; Type: INDEX; Schema: public; Owner: djangifybe_user
--

CREATE INDEX django_session_session_key_c0390e0f_like ON public.django_session USING btree (session_key varchar_pattern_ops);


--
-- Name: portfolio_portfolio_slug_7bbc2436_like; Type: INDEX; Schema: public; Owner: djangifybe_user
--

CREATE INDEX portfolio_portfolio_slug_7bbc2436_like ON public.portfolio_portfolio USING btree (slug varchar_pattern_ops);


--
-- Name: portfolio_portfolio_technologies_portfolio_id_cdd44a97; Type: INDEX; Schema: public; Owner: djangifybe_user
--

CREATE INDEX portfolio_portfolio_technologies_portfolio_id_cdd44a97 ON public.portfolio_portfolio_technologies USING btree (portfolio_id);


--
-- Name: portfolio_portfolio_technologies_technology_id_7427c2b2; Type: INDEX; Schema: public; Owner: djangifybe_user
--

CREATE INDEX portfolio_portfolio_technologies_technology_id_7427c2b2 ON public.portfolio_portfolio_technologies USING btree (technology_id);


--
-- Name: portfolio_portfolioimage_portfolio_id_f77a253c; Type: INDEX; Schema: public; Owner: djangifybe_user
--

CREATE INDEX portfolio_portfolioimage_portfolio_id_f77a253c ON public.portfolio_portfolioimage USING btree (portfolio_id);


--
-- Name: portfolio_technology_slug_38a9b38f_like; Type: INDEX; Schema: public; Owner: djangifybe_user
--

CREATE INDEX portfolio_technology_slug_38a9b38f_like ON public.portfolio_technology USING btree (slug varchar_pattern_ops);


--
-- Name: token_blacklist_outstandingtoken_jti_hex_d9bdf6f7_like; Type: INDEX; Schema: public; Owner: djangifybe_user
--

CREATE INDEX token_blacklist_outstandingtoken_jti_hex_d9bdf6f7_like ON public.token_blacklist_outstandingtoken USING btree (jti varchar_pattern_ops);


--
-- Name: token_blacklist_outstandingtoken_user_id_83bc629a; Type: INDEX; Schema: public; Owner: djangifybe_user
--

CREATE INDEX token_blacklist_outstandingtoken_user_id_83bc629a ON public.token_blacklist_outstandingtoken USING btree (user_id);


--
-- Name: auth_group_permissions auth_group_permissio_permission_id_84c5c92e_fk_auth_perm; Type: FK CONSTRAINT; Schema: public; Owner: djangifybe_user
--

ALTER TABLE ONLY public.auth_group_permissions
    ADD CONSTRAINT auth_group_permissio_permission_id_84c5c92e_fk_auth_perm FOREIGN KEY (permission_id) REFERENCES public.auth_permission(id) DEFERRABLE INITIALLY DEFERRED;


--
-- Name: auth_group_permissions auth_group_permissions_group_id_b120cbf9_fk_auth_group_id; Type: FK CONSTRAINT; Schema: public; Owner: djangifybe_user
--

ALTER TABLE ONLY public.auth_group_permissions
    ADD CONSTRAINT auth_group_permissions_group_id_b120cbf9_fk_auth_group_id FOREIGN KEY (group_id) REFERENCES public.auth_group(id) DEFERRABLE INITIALLY DEFERRED;


--
-- Name: auth_permission auth_permission_content_type_id_2f476e4b_fk_django_co; Type: FK CONSTRAINT; Schema: public; Owner: djangifybe_user
--

ALTER TABLE ONLY public.auth_permission
    ADD CONSTRAINT auth_permission_content_type_id_2f476e4b_fk_django_co FOREIGN KEY (content_type_id) REFERENCES public.django_content_type(id) DEFERRABLE INITIALLY DEFERRED;


--
-- Name: auth_user_groups auth_user_groups_group_id_97559544_fk_auth_group_id; Type: FK CONSTRAINT; Schema: public; Owner: djangifybe_user
--

ALTER TABLE ONLY public.auth_user_groups
    ADD CONSTRAINT auth_user_groups_group_id_97559544_fk_auth_group_id FOREIGN KEY (group_id) REFERENCES public.auth_group(id) DEFERRABLE INITIALLY DEFERRED;


--
-- Name: auth_user_groups auth_user_groups_user_id_6a12ed8b_fk_auth_user_id; Type: FK CONSTRAINT; Schema: public; Owner: djangifybe_user
--

ALTER TABLE ONLY public.auth_user_groups
    ADD CONSTRAINT auth_user_groups_user_id_6a12ed8b_fk_auth_user_id FOREIGN KEY (user_id) REFERENCES public.auth_user(id) DEFERRABLE INITIALLY DEFERRED;


--
-- Name: auth_user_user_permissions auth_user_user_permi_permission_id_1fbb5f2c_fk_auth_perm; Type: FK CONSTRAINT; Schema: public; Owner: djangifybe_user
--

ALTER TABLE ONLY public.auth_user_user_permissions
    ADD CONSTRAINT auth_user_user_permi_permission_id_1fbb5f2c_fk_auth_perm FOREIGN KEY (permission_id) REFERENCES public.auth_permission(id) DEFERRABLE INITIALLY DEFERRED;


--
-- Name: auth_user_user_permissions auth_user_user_permissions_user_id_a95ead1b_fk_auth_user_id; Type: FK CONSTRAINT; Schema: public; Owner: djangifybe_user
--

ALTER TABLE ONLY public.auth_user_user_permissions
    ADD CONSTRAINT auth_user_user_permissions_user_id_a95ead1b_fk_auth_user_id FOREIGN KEY (user_id) REFERENCES public.auth_user(id) DEFERRABLE INITIALLY DEFERRED;


--
-- Name: blog_post blog_post_category_id_c326dbf8_fk_blog_category_id; Type: FK CONSTRAINT; Schema: public; Owner: djangifybe_user
--

ALTER TABLE ONLY public.blog_post
    ADD CONSTRAINT blog_post_category_id_c326dbf8_fk_blog_category_id FOREIGN KEY (category_id) REFERENCES public.blog_category(id) DEFERRABLE INITIALLY DEFERRED;


--
-- Name: blog_post_tags blog_post_tags_post_id_a1c71c8a_fk_blog_post_id; Type: FK CONSTRAINT; Schema: public; Owner: djangifybe_user
--

ALTER TABLE ONLY public.blog_post_tags
    ADD CONSTRAINT blog_post_tags_post_id_a1c71c8a_fk_blog_post_id FOREIGN KEY (post_id) REFERENCES public.blog_post(id) DEFERRABLE INITIALLY DEFERRED;


--
-- Name: blog_post_tags blog_post_tags_tag_id_0875c551_fk_blog_tag_id; Type: FK CONSTRAINT; Schema: public; Owner: djangifybe_user
--

ALTER TABLE ONLY public.blog_post_tags
    ADD CONSTRAINT blog_post_tags_tag_id_0875c551_fk_blog_tag_id FOREIGN KEY (tag_id) REFERENCES public.blog_tag(id) DEFERRABLE INITIALLY DEFERRED;


--
-- Name: django_admin_log django_admin_log_content_type_id_c4bce8eb_fk_django_co; Type: FK CONSTRAINT; Schema: public; Owner: djangifybe_user
--

ALTER TABLE ONLY public.django_admin_log
    ADD CONSTRAINT django_admin_log_content_type_id_c4bce8eb_fk_django_co FOREIGN KEY (content_type_id) REFERENCES public.django_content_type(id) DEFERRABLE INITIALLY DEFERRED;


--
-- Name: django_admin_log django_admin_log_user_id_c564eba6_fk_auth_user_id; Type: FK CONSTRAINT; Schema: public; Owner: djangifybe_user
--

ALTER TABLE ONLY public.django_admin_log
    ADD CONSTRAINT django_admin_log_user_id_c564eba6_fk_auth_user_id FOREIGN KEY (user_id) REFERENCES public.auth_user(id) DEFERRABLE INITIALLY DEFERRED;


--
-- Name: portfolio_portfolio_technologies portfolio_portfolio__portfolio_id_cdd44a97_fk_portfolio; Type: FK CONSTRAINT; Schema: public; Owner: djangifybe_user
--

ALTER TABLE ONLY public.portfolio_portfolio_technologies
    ADD CONSTRAINT portfolio_portfolio__portfolio_id_cdd44a97_fk_portfolio FOREIGN KEY (portfolio_id) REFERENCES public.portfolio_portfolio(id) DEFERRABLE INITIALLY DEFERRED;


--
-- Name: portfolio_portfolio_technologies portfolio_portfolio__technology_id_7427c2b2_fk_portfolio; Type: FK CONSTRAINT; Schema: public; Owner: djangifybe_user
--

ALTER TABLE ONLY public.portfolio_portfolio_technologies
    ADD CONSTRAINT portfolio_portfolio__technology_id_7427c2b2_fk_portfolio FOREIGN KEY (technology_id) REFERENCES public.portfolio_technology(id) DEFERRABLE INITIALLY DEFERRED;


--
-- Name: portfolio_portfolioimage portfolio_portfolioi_portfolio_id_f77a253c_fk_portfolio; Type: FK CONSTRAINT; Schema: public; Owner: djangifybe_user
--

ALTER TABLE ONLY public.portfolio_portfolioimage
    ADD CONSTRAINT portfolio_portfolioi_portfolio_id_f77a253c_fk_portfolio FOREIGN KEY (portfolio_id) REFERENCES public.portfolio_portfolio(id) DEFERRABLE INITIALLY DEFERRED;


--
-- Name: token_blacklist_blacklistedtoken token_blacklist_blacklistedtoken_token_id_3cc7fe56_fk; Type: FK CONSTRAINT; Schema: public; Owner: djangifybe_user
--

ALTER TABLE ONLY public.token_blacklist_blacklistedtoken
    ADD CONSTRAINT token_blacklist_blacklistedtoken_token_id_3cc7fe56_fk FOREIGN KEY (token_id) REFERENCES public.token_blacklist_outstandingtoken(id) DEFERRABLE INITIALLY DEFERRED;


--
-- Name: token_blacklist_outstandingtoken token_blacklist_outs_user_id_83bc629a_fk_auth_user; Type: FK CONSTRAINT; Schema: public; Owner: djangifybe_user
--

ALTER TABLE ONLY public.token_blacklist_outstandingtoken
    ADD CONSTRAINT token_blacklist_outs_user_id_83bc629a_fk_auth_user FOREIGN KEY (user_id) REFERENCES public.auth_user(id) DEFERRABLE INITIALLY DEFERRED;


--
-- Name: DEFAULT PRIVILEGES FOR TABLES; Type: DEFAULT ACL; Schema: public; Owner: postgres
--

ALTER DEFAULT PRIVILEGES FOR ROLE postgres IN SCHEMA public GRANT ALL ON TABLES  TO djangifybe_user;


--
-- PostgreSQL database dump complete
--

